,precision,recall,f1-score,support
wrong (0),0.8047722342733189,0.9440203562340967,0.8688524590163934,786.0
correct (1),0.30158730158730157,0.09547738693467336,0.1450381679389313,199.0
accuracy,0.7725888324873097,0.7725888324873097,0.7725888324873097,0.7725888324873097
macro avg,0.5531797679303102,0.5197488715843851,0.5069453134776624,985.0
weighted avg,0.7031135524413215,0.7725888324873097,0.722619927113434,985.0
