,precision,recall,f1-score,support
wrong (0),0.8273273273273273,0.7010178117048346,0.7589531680440771,786.0
correct (1),0.26332288401253917,0.4221105527638191,0.32432432432432434,199.0
accuracy,0.6446700507614214,0.6446700507614214,0.6446700507614214,0.6446700507614214
macro avg,0.5453251056699332,0.5615641822343268,0.5416387461842007,985.0
weighted avg,0.7133812519774361,0.6446700507614214,0.6711449041859747,985.0
