model,accuracy,precision_weighted,recall_weighted,f1_weighted
RandomForest,0.7725888324873097,0.7031135524413215,0.7725888324873097,0.722619927113434
MultinomialNB,0.7979695431472081,0.6367553917905641,0.7979695431472081,0.7083049812690069
LinearSVC,0.6487309644670051,0.7084021419990371,0.6487309644670051,0.6726746260507701
LogisticRegression,0.6446700507614214,0.7133812519774361,0.6446700507614214,0.6711449041859747
