,precision,recall,f1-score,support
wrong (0),0.7979695431472081,1.0,0.8876341050254094,786.0
correct (1),0.0,0.0,0.0,199.0
accuracy,0.7979695431472081,0.7979695431472081,0.7979695431472081,0.7979695431472081
macro avg,0.39898477157360407,0.5,0.4438170525127047,985.0
weighted avg,0.6367553917905641,0.7979695431472081,0.7083049812690069,985.0
