,precision,recall,f1-score,support
wrong (0),0.8225806451612904,0.7137404580152672,0.7643051771117166,786.0
correct (1),0.25742574257425743,0.39195979899497485,0.3107569721115538,199.0
accuracy,0.6487309644670051,0.6487309644670051,0.6487309644670051,0.6487309644670051
macro avg,0.5400031938677738,0.552850128505121,0.5375310746116352,985.0
weighted avg,0.7084021419990371,0.6487309644670051,0.6726746260507701,985.0
