,precision,recall,f1-score,support
Confident,0.6,0.5,0.5454545454545454,6.0
Hesitant,0.5,0.5,0.5,6.0
Nervous,0.5,0.5714285714285714,0.5333333333333333,7.0
accuracy,0.5263157894736842,0.5263157894736842,0.5263157894736842,0.5263157894736842
macro avg,0.5333333333333333,0.5238095238095238,0.5262626262626262,19.0
weighted avg,0.531578947368421,0.5263157894736842,0.5266347687400319,19.0
