fold,accuracy
1,0.5263157894736842
2,0.42105263157894735
3,0.6842105263157895
4,0.2631578947368421
5,0.6111111111111112
