train_size,train_acc_mean,train_acc_std,val_acc_mean,val_acc_std
7,,,,
24,,,,
41,1.0,0.0,0.46842105263157896,0.07139294719079231
58,1.0,0.0,0.532748538011696,0.12788712919613238
75,1.0,0.0,0.5011695906432749,0.14784569516102872
