class,average_precision
Confident,0.6347222222222223
Hesitant,0.5535714285714285
Nervous,0.5228696741854637
MACRO,0.5703877749930382
